year,round,w_diff,l_diff,pts_diff,opp_diff,mov_diff,sos_diff,osrs_diff,dsrs_diff,srs_diff,ortg_diff,drtg_diff,nrtg_diff,g_diff,w-l%_diff,conf_w_diff,conf_l_diff,home_w_diff,home_l_diff,away_w_diff,away_l_diff,tm._diff,opp._diff,mp_diff,fg_diff,fga_diff,fg%_diff,3p_diff,3pa_diff,3p%_diff,ft_diff,fta_diff,ft%_diff,orb_diff,trb_diff,ast_diff,stl_diff,blk_diff,tov_diff,pf_diff,opp_fg_diff,opp_fga_diff,opp_fg%_diff,opp_3p_diff,opp_3pa_diff,opp_3p%_diff,opp_ft_diff,opp_fta_diff,opp_ft%_diff,opp_orb_diff,opp_trb_diff,opp_ast_diff,opp_stl_diff,opp_blk_diff,opp_tov_diff,opp_pf_diff,pace_diff,ftr_diff,3par_diff,ts%_diff,trb%_diff,ast%_diff,stl%_diff,blk%_diff,efg%_diff,tov%_diff,orb%_diff,ft/fga_diff,opp_pace_diff,opp_ortg_diff,opp_ftr_diff,opp_3par_diff,opp_ts%_diff,opp_trb%_diff,opp_ast%_diff,opp_stl%_diff,opp_blk%_diff,opp_efg%_diff,opp_tov%_diff,opp_orb%_diff,opp_ft/fga_diff
2024,5,-18,14,-10.899999999999991,8.5,-19.36,-2.26,-12.39,-9.23,-21.619999999999997,-13.370000000000005,17.519999999999996,-30.89,-4,-46.9,-10.0,10.0,-6,8,-7,6,-10.899999999999991,8.5,0.20000000000000284,-3.8000000000000007,-3.0999999999999943,-4.099999999999994,-2.2199999999999998,-2.299999999999997,-6.100000000000001,-1.0,-0.1999999999999993,-4.200000000000003,-0.7999999999999989,-4.300000000000004,-7.3199999999999985,-1.6500000000000004,-1.7300000000000004,0.20000000000000107,-2.1999999999999993,4.199999999999999,0.6999999999999957,6.700000000000003,1.2499999999999991,-0.5999999999999979,6.199999999999999,-1.0999999999999996,-3.3999999999999986,7.200000000000003,-0.7899999999999991,2.1000000000000014,3.700000000000001,-0.6200000000000001,0.69,-2.1999999999999993,-0.7000000000000028,-2.5,0.014999999999999958,-0.01899999999999996,-5.400000000000006,-430.0,-2120.0,-210.0,-540.0,-5.700000000000003,70.0,-400.00000000000045,-0.0040000000000000036,-2.5,15.5,-0.062,-0.014999999999999958,6.999999999999993,430.0,620.0,-59.999999999999886,210.0000000000001,7.699999999999996,-220.00000000000023,110.0,-0.021999999999999992
